CODIGO OEM	SLUG	APLICACIONES	EQUIVALENCIA 1	EQUIVALENCIA 2
MR515064	MR515064	FILTRO ACEITE CAJA MITSUBISHI LANCER 1.6L CS3A GLX CVT 02-15 		
MD729954	MD729954	FILTRO ACEITE CAJA MITSUBISHI LANCER CB T/A 		
MD758691	MD758691	FILTRO ACEITE CAJA MITSUBISHI TOURING 2.0L - GALANT 2.5L - SPACE WAGON 2.4L		
96879797	96879797	FILTRO ACEITE CHEVROLET ASTRA 1.8L 2.0L - AVEO 1.6L TODOS - CAMARO 3.4L 3.8L - CAPRICE - CHEVETTE - CHEVY C2 - CORSA TODOS - LUV 2.3L - MALIBU - MERVIA - MONTANA - MONTE CARLO - MONZA - OPTRA 04-12 - SUNFIRE / DAEWOO CIELO - NUBIRA - ESPERO - LANOS - LEGNAZA- RACER - SUPER SALOON - TACUMA / FIAT IDEA 1.8L 06-08 - PALIO 1.8L - SIENA 1.8L - STRADA 1.8L - STYLO 1.8L / PONTIAC GRAND AM 2.3L 3.3L -TRANS SPORT APV / ISUZU AMIGO 2.2L	ML-3387	
25014377	25014377	FILTRO ACEITE CHEVROLET AVALANCHE 5.3L - CHEYENNE 4.8L 5.3L 5.7L - CAPTIVA 3.2L - COLORADO 3.7L - GRAND BLAZER Z71 - SILVERADO 5.3L 327 99-02 5.7L 350 93-99 - TRAILBLAZER 4.2L 02-07  / HUMMER H3 / JEEP CJ5 - CJ7 - WAGONEER - WRANGLER	ML-3675	
96389188	96389188	FILTRO ACEITE CHEVROLET EPICA / VENIRAUTO CENTAURO / FIAT COUPE - MAREA / CITROEN BERLINGO - C5 / PEUGEOT 407 607 	ML-5566	PH9897
12605566	12605566	FILTRO ACEITE ELEMENTO CHEVROLET ASTRA 2.2L COUPE ELEGANCE / ORLANDO 2.4L	ML-9018	WL7295
93185674	93185674	FILTRO ACEITE ELEMENTO CHEVROLET CRUZE 10-15	ML-19626	
26320-3C100	26320-3C100	FILTRO ACEITE ELEMENTO HYUNDAI AZERA 3.3L - SONATA 3.3L - VERACRUZ 3.8L / KIA OPTIMA 2.6L - SEDONA 3.8L - SORENTO 3.8L 	ML-9999	57061
L321-14302	L321-14302	FILTRO ACEITE ELEMENTO MAZDA 3 2.0L - MAZDA 5 2.3L - MAZDA 6 2.3L 	ML-321	57203
04152-YZZA3	04152-YZZA3	FILTRO ACEITE ELEMENTO TOYOTA 4RUNNER 09-21 - YARIS BELTA - TUNDRA 4.0L  / LEXUS IS 350 - 	ML-19547	
04152-YZZA8	04152-YZZA8	FILTRO ACEITE ELEMENTO TOYOTA CAMRY 3.5L 2GRFE - RAV4 2.5L 3.5L 2ARFE 2GRFE - TACOMA 3.5L 2GR-FKS	ML-44155	57047
04152-YZZA6	04152-YZZA6	FILTRO ACEITE ELEMENTO TOYOTA COROLLA 1.8L 2ZRFE 09-17	ML-96796	CH10358
04152-YZZA4	04152-YZZA4	FILTRO ACEITE ELEMENTO TOYOTA LANDCRUISER 200 4.5L 1VDFTV 4.6L 1URFE 5.7L 3URFE - RORAIMA 5.7L 3URFE - SEQUOIA 5.7L 3URFE - TUNDRA 4.6L 5.7L 1URFE 3URFE / LEXUS LX 450 460 570	ML-12027	57041
05281090AB	05281090AB	FILTRO ACEITE FIAT UNO 1.0 1.3 1.5 1.6 91-97 - SIERRA - STRADA - FIORINO  / JEEP GRAND CHEROKEE 4.7 2000 AL 2007 - COMMANDER - GRAND CHEROKEE 4.0 93-04 - WRANGLER 4.0 - CJ5 - CJ7 - CHEROKEE 87-01 / DODGE RAM 2500 3500 - CARAVAN - CORONET - DAKOTA - DURANGO - / LADA NIVA SAMARA / LAND ROVER DEFENDER 93-94 - DISCOVERY 96-04 - RANGE ROVER 89-2003 / AUDI A4 - A6 / CHRYSLER 300C - IMPERIAL - LE BARON - TOWN - SEBRING  / FREIGTHLINER CASCADIA - CENTURY - COLUMBIA - CORONADO - FL70 / RENAULT 12 - 16 - 18 - 30 - 5 -FUEGO / MAZDA 626 2.2 - B2200 F2E 8 VALV / VOLKSWAGEN PASSAT	ML-16	51068
59030262	59030262	FILTRO ACEITE FIAT UNO 1.3L - FIORINO - SIENA 1.3L 1.4L 1.6L - PALIO 1.6L - PUNTO 1.8L - TEMPRA 1.6L - STRADA / DODGE FORZA	ML-4558	51841
46544820	46544820	FILTRO ACEITE FIAT UNO 97-08 SIENA 1.3 97-05 - PALIO 1.3 97-07 - PUNTO 1.4 07-08 - FIORINO	ML-5949	PH5949
F1AZ6731A	F1AZ6731A	FILTRO ACEITE FORD EXPEDITION - EXPLORER 4.0 4.6 97-05 - ESCAPE 3.0 - F-150 - FX4 - MUSTANG - F350 - F250 - CROWN (ROSCA M22 X 1.5) - RANGER 2.3 4.0 / JEEP GRAND CHEROKEE 4.7 5.7 	ML-2	51372
FL-500-S	FL-500-S	FILTRO ACEITE FORD EXPLORER 3.5 2011-2018 - FUSION 3.0 2007-2009 - RAPTOR / JEEP COMPASS 2.4 2007-2009  PATRIOT / SILVERADO C3500 6.0 2008-2011 - CAPTIVA 3.2 3.6 - AVALANCHE - IMPALA - SILVERADO - TAHOE - TRAILBLAZER / DODGE CALIBER - JOURNEY	ML-10060	57060
FL-820S	FL-820S	FILTRO ACEITE FORD EXPLORER 4.6 06-10 / GRAND CHEROKEE 5.7 2011-/ SUPER DUTY	ML-2C	
1540067900	1540067900	FILTRO ACEITE FORD FESTIVA 4L 1.3LTS CARBURADO / HONDA CIVIC 92-06 - ACCORD 92-02 2.2 2.3 - CR-V - INTEGRA 96-99 - LEGEND 97-03 - ODYSSEY 97-02 / CHEVROLET LUV - LUV DMAX / DODGE BRISA - STEALTH - STRATUS / HYUNDAI ACCENT 2006-UP - COUPE TIBURON - ELANTRA - EXCEL - GALLOPER - GETZ - SANTA FE - SONATA TODOS - TUCSON H-1 TODOS - VERNA / ISUZU AMIGO - RODEO - TROOPER / KIA CERATO - SORENTO TODAS / MAZDA 323 CARBURADO / MITSUBISHI 3000GT - DIAMANTE 3.0 - GALANT 2.5 - MONTERO 3.0 3.5 92-95 - DAKAR 3.0 - MONTERO LIMITED 3.5 01-05 / SUBARU IMPREZA 1.6 2.0 - LEGACY 2.2 2.5 - OUTBACK - SVX - TRIBECA	ML-3807	51334
15208-65F00	15208-65F00	FILTRO ACEITE FORD FESTIVA FI - LASER 1.6 1.8 / HAIMA 7 / HYUNDAI ATOZ / KIA PICANTO - SEPHIA - SHUMA / MAZDA 3 1.6 - 323 - 626 - ALLEGRO - MIATA - 350Z - DEMIO / NISSAN PATROL - QUEST - SENTRA B14 - B15 - B16 1.8 2.0 - TIIDA C11 - XTRAIL / SUBARU FORESTER - IMPREZA 2.0 2.5 - LEGACY 1.9 / TOYOTA GT86 GR86 2.0 2.4 FA20 FA24 / VENIRAUTO TURPIAL / YAMAHA MARINE / ZOTYE NOMAD 1.3 1.6	ML-6607	51365
AA6E-6714-AB	AA6E-6714-AB	FILTRO ACEITE FORD FIESTA 1.3L - FOCUS 2.0L DURATEC- ECOSPORT 2.0L / CHEVROLET ESTEEM - GRNAD VITARA 1.6L G16B J20A 2.0L J20A 2.5 H25A 2.7L H27A - SUPER CARRY - SWIFT 1.3L 1.6L - VITARA 1.6L CARB FI -WAGON R / CHERY ARAUCA A1 - X1 / CHRYSLER NEON - PT CRUISER / DAEWOO LABO / DONGFENG PICK UP DC 4X4 / FIAT TEMPRA / FREIGHTLINER / INTERNATIONAL / LEXUS ES 300  - IS 250 300 - LS 400 430 - SC 300 400 / MAZDA 3 2.0L / TOYOTA 4RUNNER 3.0L 3VZ 3.4 5VZ - AVALON - CAMRY 3.0L - COROLLA 4A - FJ CRUISER - HIACE - HILUX 2.4L 22R 2.7L 2TR - HILUX DIESEL 2020 - MERU - PRADO - PREVIA - SEQUOIA - SIENNA - SUPRA - TUNDRA	ML-3614	
E4FZ-6731-AB	E4FZ-6731-AB	FILTRO ACEITE FORD FIESTA 1.6L TODOS  - RANGER - FOCUS - ECOSPORT 1.6L - KA - F150 4.2L - ESCAPE 2.0L - TAURUS - TRACER - WINDSTAR / CHERY GRAND TIGER 4X2 / CHANGAN KAICENE F70 2.5L / DODGE DAKOTA / FIAT PREMIO - REGATA  / JEEP LIBERTY 3.7L KJ / MAZDA B2300 B2500	ML-3600	51516
05184231AA	05184231AA	FILTRO ACEITE JEEP CHEROKEE LIBERTY KK 08-14	ML-61759	
MD069782	MD069782	FILTRO ACEITE KIA PREGIO 2.7L 3.0L / HYUNDAI H-100 - HD65 72 78 / MITSUBISHI CANTER 434 649 659 - FH 217 - FK 617 	ML-6355	51067
26300-2Y500	26300-2Y500	FILTRO ACEITE KIA SPORTAGE - CARENS - CARNIVAL - CERATO - OPTIMA - RIO 1.3L 1.5L 1.6L - SEDONA - SEPHIA - ESPECTRA / HYUNDAI H-1 DIESEL - MATRIX / MAZDA 323 -MIATA - MPV - MX3 - MX6 - BT50 B2600 / MITSUBISHI DIAMANTE 3.5L - ECLIPSE 2.0L 2.4L - GALANT 2.4L - L200 - LANCER TODOS - SIGNO 1.3L - MIRAGE - MONTERO LIMITED 3.8L 24V - MONTERO SPORT 3.0L 6B31 6G72 - OUTLANDER 2.4L - SPACE WAGON / NISSAN ALTIMA - MAXIMA - MURANO - PATHFINDER 96-04 - QUEST - XTERRA - XTRAIL 00-10 / HONDA CIVIC 06-11 - ACCORD 04-12 2.4 3.0 3.5 - CR-V 02-07 - FIT 04-09 - LEGEND - PILOT / CHERY GRAND TIGER 4X4 - TIGGO 2.4L 	ML-3593	51356
15208-55Y00	15208-55Y00	FILTRO ACEITE NISSAN SENTRA B13 B14Â / CHEVROLET LUV DMAX DIESEL 3.0L / INFINITI J30 - Q45 / NISSAN 240SX - 300ZX - ALTIMA 2.4L - ARMADA - MAXIMA - TITAN - D21 - QUEST	ML-3682	
15208-7293R	15208-7293R	FILTRO ACEITE RENAULT CLIO 1.4L 1.6L - GALA - KANGOO 1.4L 1.6L - LAGUNA - LOGAN 1.6L - MEGANE 1.4L 1.6L - MEGANE II 2.0L - R11 - R19 - R5 - SANDERO 1.6L - SCENIC 2.0L - SYMBOL 1.4L 1.6L  - TWINGO 1.2L / DACIA BERLINA - BREAK - NOVA  	ML-5796	51626
90915-20003	90915-20003	FILTRO ACEITE TOYOTA 4RUNNER 4.0 1GRFE - FORTUNER 1GRFE - KAVAK - MACHITO 4500 1FZFE - HILUX 2.4L 2RZFE - AUTANA BURBUJA 4500 1FZFE 	ML-20004	51348
90915-10001    	90915-10001	FILTRO ACEITE TOYOTA COROLLA 1.6L 4AF 4AFE 3ZZFE 1.8L 2ZRFE 2ZRFAE 2ZRFXE 7AFE - CAMRY 2.2L 5SFE 2.4L 02-06 - CELICA 1.6L 1.8L 2.0L 2.2L 91-06 - ALTIS 1.6L 1ZRFE - COROLLA CROSS 1.8L 2ZRFE - MR2 2.2L - PASEO - RAV4 2.0L 1AZFE 3SFE 2.4L 2AZFE - STARLET 1.3L - TERCEL - TERIOS 1.3L K3VE - YARIS 1.3L 00-05 1.6L 2NZFE 06-10 - YARIS BELTA 1.5L 1NZFE - 4RUNNER 2.4L T24 - ALLION 2.0L M20 - CAMRY 2.0L M20 M20A-FKS 2.5L A25 A25-FKS - COROLLA 2.0L M20A-FKS M20A-FXS - COROLLA CROSS 2.0L M20A-FKS - CROWN - COROLLA YARIS GR 1.6L G16E-GTS 20-22  - HIGHLANDER 2.0L S20A-FTS 2.5L A25A/D-FXS 2019-2022 -  LAND CRUISER PRADO 250 2.4L T24 - RAV4 2.0L 2.5L 2018-UP - SIENNA 2.5L A25A - TACOMA 2.4L T24 - YARIS 1.5L M15A - YARIS CROSS M15A - AURIS 8NRFTS  / DAEWOO DAMAS - MATIZ - TICO - SUZUKI ACROSS 2.5L 2020 / CHEVROLET JIMNY 00-04 /  CHERY QQ / CHANA PICKUP / CHEVROLET SPARK - DAMAS - MATIZ / TERIOS BEGO / HAFEI LOBO - XINYI - ZHONGYI	ML-4967	51394
15600-41010	15600-41010	FILTRO ACEITE TOYOTA MACHITO BURBUJA AUTANA SAMURAI 2F 3F FJ40 45 55 60 62 70 75 2F 3F - 4500 VX 1FZFE 92-99 - DYNA 14B  / NISSAN TERRANO 	ML-8	51515
261155613	261155613	FILTRO ACEITE VOLKSWAGEN BORA 1.8L 2.0L - GOL 1.8L - GOLF 1.8L 2.0L - ESCARABAJO 1.6L - PARATI - SAVEIRO - POLO 2.0L - PASSAT 1.8L / SKODA OCTAVIA / SEAT CORDOBA 1.6L 2.0L - IBIZA 1.6L 1.8L TURBO 2.0L - LEON 1.8L TURBO - TOLEDO / BMW 318 - 320 - 325 - 525 / AUDI TT / GREATWALL SAFE	ML-5552	
030115561AB	030115561AB	FILTRO ACEITE VOLKSWAGEN CROSSFOX 1.6L - FOX 1.6L - POLO SEDAN 1.6L - SPACEFOX 1.6L / SKODA FABIA / SEAT CORDOBA - IBIZA 	ML-5548	
7T4Z-9601-A	7T4Z-9601-A	FILTRO AIRE  MOTOR FORD EXPLORER 3.5L 11-18 / MAZDA CX-9	MK-52045	46935
T21-8107011	T21-8107011	FILTRO AIRE CABINA CHERY GRAND TIGGO		
05058693AA	05058693AA	FILTRO AIRE CABINA CHERY ORINOCO 1.8 L 11-18 / DODGE CALIBER - JOURNEY / JEEP PATRIOT - COMPASS / MAZDA 6	MC-41238	CF10729
T11-8107910	T11-8107910	FILTRO AIRE CABINA CHERY TIGGO		
96449577	96449577	FILTRO AIRE CABINA CHEVROLET AVEO 04-10	MC-34174	
96440878	96440878	FILTRO AIRE CABINA CHEVROLET CAPTIVA / CHERY TIGGO	MC-53035	
96554421	96554421	FILTRO AIRE CABINA CHEVROLET OPTRA 1.8	MC-28261	
52420930	52420930	FILTRO AIRE CABINA CHEVROLET ORLANDO 2.4 - CRUZE 1.8	MC-52680C	
96425700	96425700	FILTRO AIRE CABINA CHEVROLET SPARK	MC-73356	
F65Z-19N619-AB	F65Z-19N619-AB	FILTRO AIRE CABINA F150 FX4 05-09		24876
7082928	7082928	FILTRO AIRE CABINA FIAT PALIO - SIENA / DODGE FORZA 99-13		WP9280
1121106	1121106	FILTRO AIRE CABINA FOCUS 2.0L 	MC-67836C	
AE9Z19N619A	AE9Z19N619A	FILTRO AIRE CABINA FORD EXPLORER 3.5 11-18		FP-68
BE8Z19N619A	BE8Z19N619A	FILTRO AIRE CABINA FORD FIESTA 2014 2018 / ECOSPORT 2.0		WP9360
1004 051	1004-051	FILTRO AIRE CABINA FORD KA	MC-12021	
80292-SDA-407	80292-SDA-407	FILTRO AIRE CABINA HONDA ACCORD 03-08 - CR-V 05 - PILOT - ODYSSEY	MC-53058	WP9224
08R79-S5A-600	08R79-S5A-600	FILTRO AIRE CABINA HONDA CIVIC 7MA GEN 1.7 00-06 - CR-V 02-07	MC-35422	
80292-SME-201	80292-SME-201	FILTRO AIRE CABINA HONDA CIVIC 8VA GEN EMOTION 06-11	MC-67664	
80291-SEL-Y01	80291-SEL-Y01	FILTRO AIRE CABINA HONDA FIT 06-08		24212
97133-3SAA0	97133-3SAA0	FILTRO AIRE CABINA HYUNDAI AZERA 3.0L - SANTA FE 3.3L 2012-2018 / KIA CARNIVAL 3.3L 2014-2021	MC-31824	24013
6Q0 819 653	6Q0-819-653	FILTRO AIRE CABINA HYUNDAI AZERA 3.3L - SANTA FE 2.7L 06-09 - SONATA 3.3L / KIA OPTIMA 2.6L / VOLKSWAGEN CROSSFOX 1.6L - FOX 1.6L - SPACEFOX 1.6L / SKODA FABIA - ROOMSTER	MC-9323C	
97133-L1000	97133-L1000	FILTRO AIRE CABINA HYUNDAI ELANTRA 1.6L 2.0L 2020-UP - SANTA FE 2.2L 2.5L - SONATA 2.0L 2.5L - TUCSON 2.0L 2.5L / KIA SORENTO 2.2L 2.5L 3.5L 2019-UP - SPORTAGE 2.0L 2.5L 2021-UP 	MC-84421	CAF10079P
97133-2D100	97133-2D100	FILTRO AIRE CABINA HYUNDAI ELANTRA 1.8L 2.0L - TIBURON 2.7L - MATRIX 1.8L	MC-71098	
97617-1C002	97617-1C002	FILTRO AIRE CABINA HYUNDAI GETZ 1.3L 1.6L / DODGE BRISA 1.3L	MC-24120	24879
97406-4A900	97406-4A900	FILTRO AIRE CABINA HYUNDAI H-1 2006-2007		
97617-4H000	97617-4H000	FILTRO AIRE CABINA HYUNDAI H-1 2009-UP		WP2044
97133-2E210	97133-2E210	FILTRO AIRE CABINA HYUNDAI TUCSON 2.0L - RIO 1.6L / KIA SPORTAGE 2.0L 2.7L 	MC-2200	24684
95861-64J00	95861-64J00	FILTRO AIRE CABINA ISUZU GRAN VITARA 6V 2.7	MC-83198	
68033193AA	68033193AA	FILTRO AIRE CABINA JEEP CHEROKEE LIBERTY KK 08-11	MC-67740	49093
82208300	82208300	FILTRO AIRE CABINA JEEP GRAND CHEROKEE WK 2005-2010 - COMMANDER		24903
68079487AA	68079487AA	FILTRO AIRE CABINA JEEP GRAND CHEROKEE WK2  2011-2020	MC-79487	24017
97133-07000	97133-07000	FILTRO AIRE CABINA KIA PICANTO 	MC-94242	
BP5E-61-J6X	BP5E-61-J6X	FILTRO AIRE CABINA MAZDA 3 1.6 2.0L - MAZDA 5 2.3L	MC-60585	WA6221
1718 237	1718-237	FILTRO AIRE CABINA MAZDA BT50 / FORD RANGER	MC-85121	
MZ690194	MZ690194	FILTRO AIRE CABINA MITSUBISHI DAKAR - MONTERO SPORT - L200 		
MR398288	MR398288	FILTRO AIRE CABINA MITSUBISHI LANCER CS3 CS6 		
27277-4JA0A	27277-4JA0A	FILTRO AIRE CABINA NISSAN PATHFINDER R51 3.3L - NP300 - NAVARA 4WD 2.5L - TERRA 4WD 2.3L		
27891-EL00A	27891-EL00A	FILTRO AIRE CABINA NISSAN TIIDA C11	MC-90129	
272773277R	272773277R	FILTRO AIRE CABINA RENAULT CLIO - SYMBOL - MEGANE - LOGAN	MC-68011	
87139-50060	87139-50060	FILTRO AIRE CABINA TOYOTA 4RUNNER - CAMRY - YARIS BELTA - COROLLA - RAV4 - SEQUOIA - PRADO		WP9291
87139-28010	87139-28010	FILTRO AIRE CABINA TOYOTA 4RUNNER 03-08 - AVALON 3.0L - CAMRY 2.4L 3.0L - SIENNA 3.3L 	MC-98256	24883
87139-07020	87139-07020	FILTRO AIRE CABINA TOYOTA 4RUNNER 09-14 - AVALON 2018-UP - CAMRY 3.5L - COROLLA 2ZRFE 09-14  -LAND CRUISER 200 4.6L 4.7L 5.7L - RAV4 2.0L - TUNDRA 4.0L 4.6L 5.7L - YARIS 2NZFE 06-10 - PRADO - HILUX - FORTUNER	MC-30025	24488
88568-02030	88568-02030	FILTRO AIRE CABINA TOYOTA COROLLA 1.6L 3ZZFE 1.8L 1ZZFE	MC-28488	WP9136
87139-0K070	87139-0K070	FILTRO AIRE CABINA TOYOTA HILUX 2.7L 4.0L 2016-UP - HILUX DIESEL 1GD 2GD - CAMRY 2.0L M20A 2.5L A25 A25-AFXS - COROLLA 1.5L M15A 1.6L 1ZRFE 1.8L 2ZRFE 2.0L M20A-FKS - COROLLA ALTIS 1.5L 1.6L 2.0L - COROLLA CROSS 1.8L 2.0L M20A-FKS - HIGHLANDER - RAV4 - SIENNA - VENZA 2.5L A25A-FXS - YARIS 1.5L M15A - YARIS CROSS M15A	MC-71258	WP2158
88880-B4010	88880-B4010	FILTRO AIRE CABINA TOYOTA TERIOS BEGO		WP9320
87139-52010	87139-52010	FILTRO AIRE CABINA TOYOTA YARIS 00-14 -RAV4 2.0		WP9192
1J0129620	1J0129620	FILTRO AIRE MOTOR CHERY GRAND TIGER 4X4 / AUDI A3 TT / SEAT LEON - TOLEDO / VOLSKWAGEN BORA 1.8L 2.0L - GOLF 1.6L 1.8L 2.0L -  JETTA 1.8L 2.0L -  NEW BEETLE 2.0L 2.5L 	MK-5827	42472
96536696	96536696	FILTRO AIRE MOTOR CHEVROLET AVEO 1.6L TODOS	MK-9902	
96628890	96628890	FILTRO AIRE MOTOR CHEVROLET CAPTIVA	MK-55267	
93428149	93428149	FILTRO AIRE MOTOR CHEVROLET CORSA TODOS - CHEVY C2 	MK-5496	WA10038
13272717	13272717	FILTRO AIRE MOTOR CHEVROLET CRUZE 1.8 - ORLANDO	MK-25175	
13780-77E00	13780-77E00	FILTRO AIRE MOTOR CHEVROLET GRAN VITARA 1.6L G16B - 1.6L 2.0L J20A - 2.5L H25A - 2.7L H27A  	MK-8069	
96553450	96553450	FILTRO AIRE MOTOR CHEVROLET OPTRA TODOS	MK-8732	
96591485	96591485	FILTRO AIRE MOTOR CHEVROLET SPARK	MK-91485	
25313349	25313349	FILTRO AIRE MOTOR CHEVROLET TAHOE - TRAIBLAZER - SILVERADO 00-14 - AVALANCHE 02-08 - CHEYENNE 4.8L 5.3L 5.7L - REY CAMION - C3500 - GRAND BLAZER	MK-8755	42487
4213583	4213583	FILTRO AIRE MOTOR CHRYSLER NEON - TOWN - LEBARON / DODGE CARAVAN - GRAND CARAVAN / FORD TRACER / NISSAN TERRANO	MK-3660	42133
B 593 13Z40	B-593-13Z40	FILTRO AIRE MOTOR FESTIVA 1.3L FI / VENIRAUTO TURPIAL	MK-6867	46227
46420988	46420988	FILTRO AIRE MOTOR FIAT PALIO 1.3L 1.4L 1.6L 1.8L - SIENA 1.3L 1.4L 1.8L  - IDEA 1.8L - BRAVA 1.6L - STRADA 1.8L / DODGE FORZA 1.4L	MK-5627	42343
60595381	60595381	FILTRO AIRE MOTOR FIAT PALIO 1.3L 1.4L 1.6L 1.8L - SIENA 1.3L 1.4L 1.8L  - IDEA 1.8L - BRAVA 1.6L - STRADA 1.8L / DODGE FORZA 1.4L	MK-5784	
5JF129620	5JF129620	FILTRO AIRE MOTOR FORD ECOSPORT 2.0	MK-15728	
YL8Z9601AA	YL8Z9601AA	FILTRO AIRE MOTOR FORD ESCAPE 2.0L 3.0L 2001-2007	MK-8997	42793
7C3Z-9601-A	7C3Z-9601-A	FILTRO AIRE MOTOR FORD EXPEDITION 5.4L - FX4 - F250 6.2L - F350 5.4 HASTA 2007 - F350 SUPER DUTY 6.2 08-14	MK-95334	49883
F77Z9601AA	F77Z9601AA	FILTRO AIRE MOTOR FORD EXPLORER 4.0L 97-05 - SPORTRAC 4.0L - RANGER 2.3L 2.5L 4.0L / MAZDA B2300 01-05 - B2500 B4000	MK-8243	46253
6L2Z9601AA	6L2Z9601AA	FILTRO AIRE MOTOR FORD EXPLORER 4.6L 06-10 24V - SPORTRAC	MK-1780	49145
F50X9601A	F50X9601A	FILTRO AIRE MOTOR FORD F-150 4.2L 4.6L 5.4L 97-01 - MUSTANG 4.6L 99-05 - ECONOLINE - EXPEDITION - F350 HASTA 2004	MK-8004	46418
1004 509	1004-509	FILTRO AIRE MOTOR FORD FIESTA 1.3/1.6 97-04 / MAZDA 626 2.2L	MK-5682	45001
2N1U-9601-BD	2N1U-9601-BD	FILTRO AIRE MOTOR FORD FIESTA MAX POWER MOVE - ECOSPORT 1.6	MK-2222	
CN11-9601-AD	CN11-9601-AD	FILTRO AIRE MOTOR FORD FIESTA TITANIUM 1.6L 14-19	MK-26934	WA9606
1058022	1058022	FILTRO AIRE MOTOR FORD FOCUS 2.0L	MK-5929	
6E5Z-9601-GA	6E5Z-9601-GA	FILTRO AIRE MOTOR FORD FUSION 3.0L 	MK-19158	49053
17220-P0A-000	17220-P0A-000	FILTRO AIRE MOTOR HONDA ACCORD 94-98 2.2L - ODYSSEY 2.2L	MK-7420	46303
17220-P2J-000	17220-P2J-000	FILTRO AIRE MOTOR HONDA CIVIC 1.6L F.I 6TA GEN - CR-V 2.0L	MK-7764	46388
17220-PM7-305	17220-PM7-305	FILTRO AIRE MOTOR HONDA CIVIC 5TA GEN 1.6 FI 92-96	MK-6333	46158
17220-P07-506	17220-P07-506	FILTRO AIRE MOTOR HONDA CIVIC 6TA GEN 1.5 FI 96-00	MK-7174	46026
17220-PLC-000	17220-PLC-000	FILTRO AIRE MOTOR HONDA CIVIC 7MA GEN 1.7L 01-05	MK-8911	42564
17220-RND-M00	17220-RND-M00	FILTRO AIRE MOTOR HONDA CIVIC EMOTION 1.8 06-11	MK-80146	49065
17220-PWA-003	17220-PWA-003	FILTRO AIRE MOTOR HONDA FIT 1.3L 1.4L 01-09	MK-72373	WA9423
17220-RN0-A00	17220-RN0-A00	FILTRO AIRE MOTOR HONDA PILOT 3.5 09-15 / ODYSSEY 05-15		42844
28113-22301	28113-22301	FILTRO AIRE MOTOR HYUNDAI ACCENT 1.3L / DODGE BRISA 1.3L 02-06	MK-22301	
28113-22051	28113-22051	FILTRO AIRE MOTOR HYUNDAI ACCENT 1.5L 96-08 	MK-7775	WA6285
28113-1G000	28113-1G000	FILTRO AIRE MOTOR HYUNDAI ACCENT 1.6L / KIA RIO 1.6L 	MK-26123	
28113-2D000	28113-2D000	FILTRO AIRE MOTOR HYUNDAI ELANTRA 2.0L - TIBURON 2.7L - CERATO 2.0L 16V	MK-9392	42551
28113-1C000	28113-1C000	FILTRO AIRE MOTOR HYUNDAI GETZ 1.3L 1.6L 2006-2012 / DODGE BRISA 1.3L 06-09	MK-24086	CA9632
28113-4H000	28113-4H000	FILTRO AIRE MOTOR HYUNDAI H-1 09	MK-25252	
28113-26000	28113-26000	FILTRO AIRE MOTOR HYUNDAI SANTA FE 2.7L 01-06 	MK-9441	42740
28113-2B000	28113-2B000	FILTRO AIRE MOTOR HYUNDAI SANTA FE 2.7L 06-09	MK-15643	49191
28113-2W100	28113-2W100	FILTRO AIRE MOTOR HYUNDAI SANTA FE 3.3L 2012-2018 / KIA SORENTO 3.5L 12-14	MK-42137	WA9883
28113-08000	28113-08000	FILTRO AIRE MOTOR HYUNDAI TUCSON 2.0L / KIA SPORTAGE 2.0L 2.7L 	MK-8000	42834
05189933AA	05189933AA	FILTRO AIRE MOTOR JEEP CHEROKEE LIBERTY KK 08-14	MK-16246	
53004383	53004383	FILTRO AIRE MOTOR JEEP CHEROKEE XJ - COMANCHE - WAGONEER - DURANGO 01-03 /DAKOTA 06-08/11-12/ DODGE RAM	MK-3901	46077
04891694AA	04891694AA	FILTRO AIRE MOTOR JEEP COMPASS 2.4 - PATRIOT - CALIBER 2.0	MK-10118	
53007386	53007386	FILTRO AIRE MOTOR JEEP GRAND CHEROKEE WJ ZJ MOTOR 4.0L 1993 A 2005 - GRAND CHEROKEE 4.0L 4.7L 5.2L 1999 A 2005 / NISSAN PATHFINDER 4.0L 04-12 - ARMADA - TITAN	MK-7440	46213
5018777AA	5018777AA	FILTRO AIRE MOTOR JEEP GRAND CHEROKEE WK 4.7 KJ 3.7 00-10 - RENEGADE - LIBERTY 02-06	MK-18777	
0K2A5-13-Z40A	0K2A5-13-Z40A	FILTRO AIRE MOTOR KIA CARENS 1.6L 1.8L 2.0L - CERATO 1.6L - SEPHIA 1.5L 1.8L - SHUMA - SPECTRA	MK-8548	WA6369
0K01113Z40	0K01113Z40	FILTRO AIRE MOTOR KIA CARNIVAL 2.5L - SPORTAGE 2.0L 99-03	MK-8121	42015
28113-2F800	28113-2F800	FILTRO AIRE MOTOR KIA CERATO		
28113-2G000	28113-2G000	FILTRO AIRE MOTOR KIA OPTIMA 2.4L 2.6L 01-08	MK-76429	49175
28113-07100	28113-07100	FILTRO AIRE MOTOR KIA PICANTO 	MK-87100	
0K74R-23-603	0K74R-23-603	FILTRO AIRE MOTOR KIA PREGIO 2.7L 3.0L 	MK-7203	
28113-4D000	28113-4D000	FILTRO AIRE MOTOR KIA SEDONA 3.5L 3.8L 03-08	MK-9555	42086
ZJ01-13-Z40	ZJ01-13-Z40	FILTRO AIRE MOTOR MAZDA 3 1.6	MK-802150	
LF50-13-Z409A	LF50-13-Z409A	FILTRO AIRE MOTOR MAZDA 3 2.0L 04-13 - MAZDA 5 2.3L 06-10	MK-96431	
RF2A-13-Z40A	RF2A-13-Z40A	FILTRO AIRE MOTOR MAZDA 6 2.3L / HAIMA 7	MK-8922	NA-8922
B59513Z40	B59513Z40	FILTRO AIRE MOTOR MAZDA ALLEGRO 1.6L 1.8L - 323 F.I / FORD LASER 1.6L 1.8L	MK-5595	5595
G601-13-Z40	G601-13-Z40	FILTRO AIRE MOTOR MAZDA BT-50 2.6L 08-13	MK-96322	AK-96322
MD603629	MD603629	FILTRO AIRE MOTOR MITSUBISHI ECLIPSE - MF - MX - MS - ZX 2.0L / HYUNDAI ELANTRA 1.6L 92-94 09-12 GALLOPER 3.0L - H-1 06-07 - SONATA 2.0L 3.0L	MK-6362	46264
MR323075	MR323075	FILTRO AIRE MOTOR MITSUBISHI GALANT 2.5L - SPACE WAGON	MK-9021	47043
MD620508	MD620508	FILTRO AIRE MOTOR MITSUBISHI LANCER 1.3L 1.5L CB CK CARBURADO	MK-5505	47023
MD620737	MD620737	FILTRO AIRE MOTOR MITSUBISHI LANCER CB4 1.6L 1.8L FI 94-00 - MIRAGE 1.8L	MK-7630	46271
MR552951	MR552951	FILTRO AIRE MOTOR MITSUBISHI LANCER TOURING CK1 CK2 CS3 CS6 EVO - OUTLANDER  	MK-8208	46215
MD620472	MD620472	FILTRO AIRE MOTOR MITSUBISHI MONTERO 3.0L 92-93 - MONTERO DAKAR 3.0L 00-08 - MONTERO SPORT 3.0L 00-08 - L200 2.0L 96-98 - 300GT - DIAMANTE 	MK-7142	46057
MD404847	MD404847	FILTRO AIRE MOTOR MITSUBISHI MONTERO 3.5L 94-05 -MONTERO LIMITED 3.5L 01-05 3.8L 05-08	MK-9367	42369
MD620076	MD620076	FILTRO AIRE MOTOR MITSUBISHI PANEL L300 2.0L 2.4L 	MK-6389	46265
16546-73C10	16546-73C10	FILTRO AIRE MOTOR NISSAN SENTRA B13 B14 GA16DE - XTRAIL QR25DE - 300ZX	MK-6900	AK-6900
16546-V0100	16546-V0100	FILTRO AIRE MOTOR NISSAN SENTRA B14 B15 - ALTIMA 2.4L 2.5L  3.5L - QUEST - PATHFINDER 3.3L 3.5L - XTERRA 3.3L - XTRAIL - MURANO 3.5L - 350Z - 240SX / SUBARU IMPREZA 1.6L 2.0L - LEGACY 2.2L 2.5L - SVX	MK-4309	
16546-ED000	16546-ED000	FILTRO AIRE MOTOR NISSAN TIIDA 1.8 07-10	MK-35681	
16546-86G00	16546-86G00	FILTRO AIRE MOTOR NISSAN XTRAIL 2.5L 05-10 - PICK UP D21 - FRONTIER D22 GASOLINA	MK-6850	
16546-4BA1A	16546-4BA1A	FILTRO AIRE MOTOR NISSAN XTRAIL T32 2.5L - ROGUE 2.0L 2.5L / RENAULT KOLEOS	MK-50540	
7701 045 724	7701-045-724	FILTRO AIRE MOTOR RENAULT MEGANE 1.4L 00-05 1.6L 99-07 - LAGUNA 2.0L - CLIO 1.4L 96-00 1.6L 04-09 - SCENIC 2.0L - SYMBOL 1.4L 04-05 1.6L 05-11 - KANGOO 1.6L	MK-8964	WA6595
7701047655	7701047655	FILTRO AIRE MOTOR RENAULT SYMBOL 01-03 - LOGAN 1.6L 05-09 - KANGOO 1.4L 01-03 - SANDERO 1.6L 09-10	MK-9074	WA6697
7701-064-439	7701-064-439	FILTRO AIRE MOTOR RENAULT TWINGO 16V 2006 - 2009	MK-9937	WA9496
17801-31090	17801-31090	FILTRO AIRE MOTOR TOYOTA 4RUNNER 03-14 - FJ CRUISER - FORTUNER - KAVAK 1GRFE 	MK-9683	46888
17801-38050	17801-38050	FILTRO AIRE MOTOR TOYOTA 4RUNNER 09-18 - TACOMA 2012-2020 - PRADO - HILUX REVO - FORTUNER DUBAI	MK-12587	143-3025
17801-0P051	17801-0P051	FILTRO AIRE MOTOR TOYOTA 4RUNNER 2.4L T24 - CAMRY 3.5L 2GRFE - TACOMA 2.4L T24 / DODGE DURANGO 3.6L 5.7L 6.4L / JEEP GRAND CHEROKEE 3.6L 5.7L 6.4L / MITSUBISHI L200 2.4 DI-D 2015	MK-20608	49430
17801-77050	17801-77050	FILTRO AIRE MOTOR TOYOTA CAMRY 2.0L M20 2.5L A25 A25-AFXS - COROLLA 1.5L M15A 1.6L 1ZRFE 1.8L 2ZRFE 2.0L M20A-FKS - COROLLA ALTIS 1.5L 1.6L 2.0L -  AVALON 2.5L A25A - COROLLA CROSS 1.8L 2.0L M20A-FKS - HIGHLANDER RAV4 SIENNA VENZA 2.5L A25A-FXS / LEXUS ES 300H - LM 350H - NX 350H 400H 450H - RX 350H 450H - UX 200 2.0 M20A-FKS	MK-77050	WA10807
17801-15060	17801-15060	FILTRO AIRE MOTOR TOYOTA COROLLA 1.6L  4AF ARAYA - SKY - BABY CAMRY CARBURADO	MK-6544	
17801-0D020	17801-0D020	FILTRO AIRE MOTOR TOYOTA COROLLA 1.6L 3ZZFE 1.8L 1ZZFE / SUBARU BZR 2.0L FA20C 2017-2021	MK-9482	46834
17801-02030	17801-02030	FILTRO AIRE MOTOR TOYOTA COROLLA 1.6L 4AFE 1.8L 7AFE	MK-5466	46273
17801-0D060	17801-0D060	FILTRO AIRE MOTOR TOYOTA COROLLA 1.8L 2ZR-FE 2009-2014 - YARIS BELTA 1.5L 1NZFE 1.6L 2NZFE	MK-21050	
17801-21060	17801-21060	FILTRO AIRE MOTOR TOYOTA COROLLA 1.8L 2ZR-FXE 2022-UP 	MK-21060	WA9787
17801-62010	17801-62010	FILTRO AIRE MOTOR TOYOTA HILUX 2.4L 2RZFE - PRADO 3.4L 5VZFE	MK-62010	CA5965
17801-0C010	17801-0C010	FILTRO AIRE MOTOR TOYOTA HILUX 2.7L 2TRFE 06-14	MK-0C010	WA9644
17801-0S010	17801-0S010	FILTRO AIRE MOTOR TOYOTA LANDCRUISER 200 4.5L 1VDFTV 4.6L 1URFE 5.7L 3URFE - RORAIMA 5.7L 3URFE - SEQUOIA 5.7L 3URFE - TUNDRA 4.6L 5.7L 1URFE 3URFE / LEXUS LX 450 460 570	MK-38030	49030
17801-58010	17801-58010	FILTRO AIRE MOTOR TOYOTA MERU 2.7L 3RZFE - DYNA 3.6L 3.7L	MK-58010	42748
17801-31120	17801-31120	FILTRO AIRE MOTOR TOYOTA PREVIA 2.4L - RAV4 2.0L 1AZFE 	MK-83293	CA10169
17801-10030	17801-10030	FILTRO AIRE MOTOR TOYOTA STARLET 1.3L CARBURADO	MK-4940	46183
17801-0P100	17801-0P100	FILTRO AIRE MOTOR TOYOTA TACOMA 3.5L 2GRFKS TUNDRA 4.6L 5.7L 1URFE 3URFE 2007-2021	MK-23100	WA10085
17801-87402	17801-87402	FILTRO AIRE MOTOR TOYOTA TERIOS 1.3L K3VE	MK-87402	
17801-B1010	17801-B1010	FILTRO AIRE MOTOR TOYOTA TERIOS BEGO 08-13	MK-39750	
17801-21030	17801-21030	FILTRO AIRE MOTOR TOYOTA YARIS 1.3L 00-05	MK-9115	46646
036129620D	036129620D	FILTRO AIRE MOTOR VOLKSWAGEN CROSSFOX 1.6L - FOX 1.6L - POLO SEDAN 1.6L - BORA- SPACE FOX FOX - CROSS	MK-9015	CA9015
LFY7-13-ZE0C	LFY7-13-ZE0C	FILTRO CARCAZA BOMBA GASOLINA MAZDA 6		
31945-44000	31945-44000	FILTRO GASOIL KIA PREGIO 2.7L 3.0L / HYUNDAI H-100 / CHEVROLET NKR	MF-4886	33128
1770A321	1770A321	FILTRO GASOIL MITSUBISHI L200 2.4L / TOYOTA HILUX 2.5L 3.0L 1KD 2KD - 4RUNNER - HIACE - TACOMA	MF-16262	WF8429
16403-4KV0A	16403-4KV0A	FILTRO GASOIL NISSAN FRONTIER 2014- DIESEL	MF-60030	
16405-01T70	16405-01T70	FILTRO GASOIL NISSAN FRONTIER D22 (SECUNDARIO)	MF-29882	
16405-02N10	16405-02N10	FILTRO GASOIL PRIMARIO NISSAN FRONTIER ZD30 - TERRANO / TOYOTA DYNA / CHEVROLET LUV DMAX 3.0LT DIESEL	MF-5163	
23390-0L090	23390-0L090	FILTRO GASOIL TOYOTA HILUX (2016-2022) DIESEL  / TOYOTA FORTUNER DIESEL / PRADO DIESEL / HIACE DIESEL 2.4L 2.8L 3.0L	MF-26255	
16403-2SA00	16403-2SA00	FILTRO GASOIL TRAMPA AGUA NISSAN FRONTIER ZD30 - TERRANO / TOYOTA DYNA / CHEVROLET LUV DMAX 3.0LT DIESEL	MF-56040	33138
16400-72L00	16400-72L00	FILTRO GASOLINA  NISSAN SENTRA B13 B14 B15 CURVO - ALTIMA 2.4L 2.5L 	MF-5237	33477
16400-4M405	16400-4M405	FILTRO GASOLINA CARCASA SUMERGIBLE NISSAN X-TRAIL T-30 - ALMERA B10		
96335719	96335719	FILTRO GASOLINA CHERY ARAUCA A1 - X1 - QQ - TIGGO 06-14 / AVEO TODOS - OPTRA - SPARK - EPICA - LANOS - LEGANZA - MATIZ - NUBIRA - TACUMA - LUV 	MF-619	33850
1J0201511A	1J0201511A	FILTRO GASOLINA CHERY ORINOCO 11-18 / VOLKSWAGEN BORA 1.8L 2.0L - GOL 1.8L - GOLF 1.6L 1.8L 2.0L - JETTA 1.8L 2.0L  - NEW BEETLE 2.0L 2.5L - TOUAREG 3.2L / SEAT LEON - TOLEDO / AUDI A3 A4 TT	MF-5870	33521
25055046	25055046	FILTRO GASOLINA CHEVROLET AVALANCHE - CHEYENNE - BLAZER - C10 - CAMARO - CENTURY - GRAND BLAZER Z71 - SILVERADO - TAHOE - JIMNY - SUBURBAN - LUMINA / DAEWOO CIELO - ESPERO - RACER	MF-481	
13253690	13253690	FILTRO GASOLINA CHEVROLET CRUZE - TRAILBLAZER 4.2 5.3 00-08 - ORLANDO - CAPTIVA / HUMMER H2	MF-6397	
15410-65D00	15410-65D00	FILTRO GASOLINA CHEVROLET GRAND VITARA 1.6L G16B - 1.6L 2.0L J20A - 2.5L H25A 	MF-5982	
46416684	46416684	FILTRO GASOLINA FIAT PALIO 1.3 1.4 1.6 1.8 - SIENA 1.3 1.4 1.6 1.8 - STRADA - IDEA - STYLO - BRAVA / DODGE FORZA	MF-1410	WF8152
50015864	50015864	FILTRO GASOLINA FIAT UNO 1.3 97-08 - FIORINO 00-04 1.3 / CHEVROLET  LUV 2.3L 3.2L	MF-5312	33310P
71736104	71736104	FILTRO GASOLINA FIAT UNO 91-99 - PREMIO - REGATA - 131 - 132 - FIORINO - TEMPRA / CHEVROLET CHEVETTE - MONZA / RENAULT R11 - R18 - R5 / VOLKSWAGEN ESCARABAJO - GOL 1.6 - BRASILIA 	MF-2405	33011
R/FG/87	R-FG-87	FILTRO GASOLINA FOCUS 2.0L 01-08	MF-83259	
E3SE9155CB	E3SE9155CB	FILTRO GASOLINA FORD ESCAPE 2.0L 3.0L - TAURUS - F150 - BRONCO 4.9L - CONTINENTAL - CROWN - GRAND MARQUIS - MUSTANG 83-85	MF-800	33097
FOTZ-9155-B	FOTZ-9155-B	FILTRO GASOLINA FORD F150 4.2L 5.0L 5.4L 80-01 - FIESTA 1.6L 01-04 - KA - RANGER 4.0L - F350 65-94 - EXPLORER 4.0L 92-97 - BRONCO 5.0L 92-97 / HAIMA 7 	MF-3521	33296
F89Z-9155-A	F89Z-9155-A	FILTRO GASOLINA FIESTA MAX MOVE POWER - FOCUS - EXPEDITION METALICO	MF-618	33199
FE 0113470	FE-0113470	FILTRO GASOLINA FORD FESTIVA 1.3 CARB / HONDA CIVIC 1.5 1.6 CARB / B2200 2.2 F2E 8 VALV / FJ40 45 55 60 70 75	MF-4455	33204
KB359-20-490	KB359-20-490	FILTRO GASOLINA FORD FESTIVA 1.3 FI / VENIRAUTO TURPIAL	MF-6679	33280
2208 333	2208-333	FILTRO GASOLINA FORD FIESTA MAX MOVE POWER - ECOSPORT 1.6L 2.0L	MF-9292	WF8266
2L2Z-9155-AB	2L2Z-9155-AB	FILTRO GASOLINA FORD FOCUS DURATEC - RANGER 2.3L 05-11 - EXPLORER 4.0 2000 - EXPLORER 4.6 2002 - EXPEDITION 	MF-1036	33424
16010-SM4-A30	16010-SM4-A30	FILTRO GASOLINA HONDA ACCORD 2.2L 92-94 - CIVIC 1.6L 4TA GEN 92-96 FI	MF-6826	33285
16010-ST5-931	16010-ST5-931	FILTRO GASOLINA HONDA ACCORD 94-98 - CIVIC F.I 1.5L 1.6L 1.7L 5TA 6TA 7MA  GEN 96-06 - CR-V - INTEGRA 96-99 - LEGEND 99-03 - ODYSSEY 	MF-7599	
319111-22000	319111-22000	FILTRO GASOLINA HYUNDAI ACCENT 1.3L 1.5L / DODGE BRISA 1.3L 	MF-9305	33461
MB052676	MB052676	FILTRO GASOLINA HYUNDAI EXCEL / MITSUBISHI LANCER 1.3L 1.5L CARBURADO - SPACE WAGON 1.8L 2.4L	MF-3442	33087
31911-3A000	31911-3A000	FILTRO GASOLINA HYUNDAI SANTA FE 2.7L 01-06	MF-5561	
31911-4D600	31911-4D600	FILTRO GASOLINA HYUNDAI SEDONA 3.8L		
16010-S5A-930	16010-S5A-930	FILTRO GASOLINA INTERNO HONDA CIVIC 7MA GEN 00-06		
17048-SNA-010	17048-SNA-010	FILTRO GASOLINA INTERNO HONDA CIVIC 8VA GEN EMOTION 06-11		
16010-SAA-000	16010-SAA-000	FILTRO GASOLINA INTERNO HONDA FIT 03-08		
17048-TF0-000	17048-TF0-000	FILTRO GASOLINA INTERNO HONDA FIT 07-16		
52100402AE	52100402AE	FILTRO GASOLINA JEEP CHEROKEE LIBERTY KJ KK 3.7 02-15	MF-74058	G8897
52100283AC	52100283AC	FILTRO GASOLINA JEEP GRAND CHEROKEE WJ 4.0 4.7 V8 99-05	MF-283	
33003007	33003007	FILTRO GASOLINA JEEP GRAND CHEROKEE ZJ 5.2LTS V8 93-99	MF-1585	33316
0K30A13480	0K30A13480	FILTRO GASOLINA KIA CARENS 1.6L 2.0L - CERATO 1.6L - RIO 1.3L 1.5L - SEPHIA 1.5L 1.8L - SHUMA - SPECTRA 1.8L	MF-9131	33618
BP01-02-490A	BP01-02-490A	FILTRO GASOLINA MAZDA 626 2.0L -ALEGRO 1.6L 1.8L - DEMIO - MX 3 - PROTEGE / FORD LASER 1.6L 1.8L / KIA SEPHIA 	MF-3525	
GY01-13-ZE0A	GY01-13-ZE0A	FILTRO GASOLINA SUMERGIBLE MAZDA ALLEGRO - 323 - MPV 98 / FORD LASER		
G675-13-480	G675-13-480	FILTRO GASOLINA MAZDA BT50 B2600	MF-85152	
MR204132	MR204132	FILTRO GASOLINA MITSUBISHI LANCER GLX CS3 CS6 - SIGNO 1.3L / TOYOTA CELICA 1.8L 2.2L 	MF-4132	33143
MB504738	MB504738	FILTRO GASOLINA MITSUBISHI MONTERO 3.0L - MONTERO DAKAR 3.0L - L300 2.0L 2.4L - 3000GT / CHEVROLET VITARA 1.6L 97-01 / DODGE STEALTH 3.0L 	MF-9048	33160
MR239580	MR239580	FILTRO GASOLINA MITSUBISHI MONTERO SPORT 3.0L K96W K86W - ECLIPSE - GALANT 2.4L 2.5L - LANCER 1.6L 1.8L 94-99 - MF - MONTERO LIMITED 3.5L 3.8L - MX / TOYOTA CELICA 2.0L - RAV4 97-00 - TERCEL - PASEO / LEXUS ES 300	MF-3541	33502
16400-41B05	16400-41B05	FILTRO GASOLINA PICOS RECTOS NISSAN SENTRA INYECCION B14 - 240SX - N300 - XTRAL - QUEST - PATHFINDER - PATROL - XTERRA - FRONTIER 2.4 / FIAT TEMPRA / CHANA PICKUP / GREAT WALL CUV HOVER / ISUZU RODEO / CHERY GRAND TIGER 4X4 / CHANA PICKUP / INFINITY Q20 Q45	MF-4777	33023
7700845961	7700845961	FILTRO GASOLINA RENAILT CLIO - LOGAN - SCENIC - MEGANE - SYMBOL - TWINGO - KANGOO / PEUGEOT 206 - 207 - 307 - 607 / VENIRAUTO CENTAURO / CITROEN BERLINGO - C2 - C3 - C5	MF-5857	
0K52Y-20-490	0K52Y-20-490	FILTRO GASOLINA SEDONA 3.5L 		
12468679	12468679	FILTRO GASOLINA SUMERGIBLE CHEVROLET SILVERADO 5.3 07-15/TAHOE 5.3 08-14 (TAPA PLASTICA)/AVALANCHE		
0191770A	0191770A	FILTRO GASOLINA SUMERGIBLE DODGE CALIBER 2.0L - JOURNEY / JEEP COMPASS 2.4L / FORD FUSION 3.0 L		ITF003
31112-1G500	31112-1G500	FILTRO GASOLINA SUMERGIBLE HUYNDAI ACCENT 1.6L / KIA RIO 1.6L 	MF-55152	
31911-2D000	31911-2D000	FILTRO GASOLINA SUMERGIBLE HYUNDAI ELANTRA 2.0L 	MF-2D000	
31112-1C000	31112-1C000	FILTRO GASOLINA SUMERGIBLE HYUNDAI GETZ 1.3L 1.6L / DODGE BRISA	MF-44188	
31911-38204	31911-38204	FILTRO GASOLINA SUMERGIBLE HYUNDAI H-1 07 - SONATA 2005 		
31910-2H000	31910-2H000	FILTRO GASOLINA SUMERGIBLE HYUNDAI H-1 09 / NEW CARENS	MF-74334	
31112-2B000	31112-2B000	FILTRO GASOLINA SUMERGIBLE HYUNDAI SANTA FE 2.7L 06-09		
31112-C9000	31112-C9000	FILTRO GASOLINA SUMERGIBLE HYUNDAI SANTA FE 3.5L 2018-UP - PALISADE 2018-UP / KIA CARNIVAL 3.3L 2014-2021 - SORENTO 2.4L 3.3L 3.5L 2014-2020 - TUCSON IX35	MF-53271	
31911-09000	31911-09000	FILTRO GASOLINA SUMERGIBLE HYUNDAI SONATA 3.3L 06-09 -AZERA 3.3L 		
31911-2E000	31911-2E000	FILTRO GASOLINA SUMERGIBLE HYUNDAI TUCSON 2.0L / KIA SPORTAGE 2.0L 2.7L 	MF-83143	
31911-2G000	31911-2G000	FILTRO GASOLINA SUMERGIBLE KIA OPTIMA 2007		
31112-07000	31112-07000	FILTRO GASOLINA SUMERGIBLE KIA PICANTO 05-09	MF-70031	
ZY08-13-35XF	ZY08-13-35XF	FILTRO GASOLINA SUMERGIBLE MAZDA 3 1.6L 2.0L / FORD FOCUS 2.0L 09-11		
MR552781	MR552781	FILTRO GASOLINA SUMERGIBLE MITSUBISHI LANCER GLX CS3 CS6		
MR529135	MR529135	FILTRO GASOLINA SUMERGIBLE MITSUBISHI MONTERO LIMITED 3.5L 3.8L 		
1770A046	1770A046	FILTRO GASOLINA SUMERGIBLE MITSUBISHI MONTERO SPORT CW6		
17040-95F0B	17040-95F0B	FILTRO GASOLINA SUMERGIBLE NISSAN ALMERA B10 1.6L		
16400-2Y505	16400-2Y505	FILTRO GASOLINA SUMERGIBLE NISSAN XTRAIL 2.5 QR25DE T30 (TANQUE)		
23300-50120	23300-50120	FILTRO GASOLINA SUMERGIBLE TOYOTA 4RUNNER 2003-2008 1GRFE		
23300-35070	23300-35070	FILTRO GASOLINA SUMERGIBLE TOYOTA 4RUNNER 2009-2020 1GRFE		
23300-21030	23300-21030	FILTRO GASOLINA SUMERGIBLE TOYOTA COROLLA 09-14 2ZRFE / YARIS 2006-2009	MF-91284	
23300-21010	23300-21010	FILTRO GASOLINA SUMERGIBLE TOYOTA COROLLA 1.6L 3ZZFE 1.8L 1ZZFE - PREVIA 2.4L 06-09	MF-21010	
23300-23030	23300-23030	FILTRO GASOLINA SUMERGIBLE TOYOTA YARIS 1.3L 00-05 - RAV4 2.0L 1AZFE 01-03	MF-23030	
23300-31100	23300-31100	FILTRO GASOLINA TOYOTA 4RUNNER 1GR-FE - FJ CRUISER 	MF-31100	
23300-75140	23300-75140	FILTRO GASOLINA TOYOTA 4RUNNER 2009-2020 - FORTUNER 1GRFE - KAVAK 1GRFE	MF-41570	
23300-65010	23300-65010	FILTRO GASOLINA TOYOTA 4RUNNER 3.0L 3VZFE 3.4L 5VZFE - PRADO 5VZ - TUNDRA 5VZ / HYUNDAI H-1 06-09 - GALLOPER - SONATA 2.0L 2.4L 2.5L 3.0L / KIA OPTIMA 2.4L 2.5L 2.7L / LEXUS LS 400 - SC 300 400 	MF-6680	33319
23300-19145	23300-19145	FILTRO GASOLINA TOYOTA COROLLA 1.6L 4AFE 1.8L 7AFE	MF-9145	33294
23300-15010	23300-15010	FILTRO GASOLINA TOYOTA COROLLA ARAYA 4A-F / SKY CARBURADO / STARLET / BABY CAMRY CARBURADO / HILUX 22R	MF-5010	
23300-75010	23300-75010	FILTRO GASOLINA TOYOTA HILUX 2.4L 2RZFE FI 00-05	MF-75110	
23300-43020	23300-43020-23300-69045	FILTRO GASOLINA TOYOTA MACHITO 4500 1FZFE - AUTANA 4500 1FZFE	MF-6040	33563
23300-66050	23300-66050	FILTRO GASOLINA TOYOTA MACHO/HEMBRA FZJ71 FZJ78 4500 1FZ-FE	MF-6050	
23300-75080	23300-75080-79525	FILTRO GASOLINA TOYOTA MERU 2.7 3RZFE	MF-94925	33686
17BY094032N	17BY094032N	FILTRO PILA GASOLINA JEEP CHEROKEE KK	YFBGW2201	
GY01-13-ZE0	GY01-13-ZE0	FILTRO GASOLINA SUMERGIBLE MAZDA ALLEGRO -323 - MPV 98 / FORD LASER		
15650-38020	15650-38020	PORTA FILTRO ACEITE TOYOTA 4RUNNER 1GRFE 2DA. GEN - FJ CRUISER - PRADO *TAPA*		
15620-37010	15620-37010	PORTA FILTRO ACEITE TOYOTA COROLLA 15-20		
15620-38010	15620-38010	PORTA FILTRO ACEITE TOYOTA TUNDRA - SEQUOIA - RORAIMA 5.7L 3URFE		
17040-ED80A	17040-ED80A	TAPA FILTRO ELEMENTO INTERNO GASOLINA NISSAN TIIDA 2007-2012		
